,train_loss,val_loss,train_acc,val_acc
0,13449372.518518519,15387804.666666666,0.09847466951167141,0.09541316578785579
