,train_loss,val_loss,train_acc,val_acc
0,13400265.25925926,10995915.666666666,0.10005186774112561,0.09760564317305882
