,train_loss,val_loss,train_acc,val_acc
0,2.0284202054694846,1.9007179737091064,0.32339648295331885,0.40556339422861737
